{
	"partitions" : [
		{
			"name" : "Top",
			"pins" : [
				{
					"name" : "led1[0]",
					"strict" : false
				},
				{
					"name" : "led1[1]",
					"strict" : false
				},
				{
					"name" : "led1[2]",
					"strict" : false
				},
				{
					"name" : "led1[3]",
					"strict" : false
				},
				{
					"name" : "led1[4]",
					"strict" : false
				},
				{
					"name" : "led1[5]",
					"strict" : false
				},
				{
					"name" : "led1[6]",
					"strict" : false
				},
				{
					"name" : "led2[0]",
					"strict" : false
				},
				{
					"name" : "led2[1]",
					"strict" : false
				},
				{
					"name" : "led2[2]",
					"strict" : false
				},
				{
					"name" : "led2[3]",
					"strict" : false
				},
				{
					"name" : "led2[4]",
					"strict" : false
				},
				{
					"name" : "led2[5]",
					"strict" : false
				},
				{
					"name" : "led2[6]",
					"strict" : false
				},
				{
					"name" : "led3[0]",
					"strict" : false
				},
				{
					"name" : "led3[1]",
					"strict" : false
				},
				{
					"name" : "led3[2]",
					"strict" : false
				},
				{
					"name" : "led3[3]",
					"strict" : false
				},
				{
					"name" : "led3[4]",
					"strict" : false
				},
				{
					"name" : "led3[5]",
					"strict" : false
				},
				{
					"name" : "led3[6]",
					"strict" : false
				},
				{
					"name" : "led4[0]",
					"strict" : false
				},
				{
					"name" : "led4[1]",
					"strict" : false
				},
				{
					"name" : "led4[2]",
					"strict" : false
				},
				{
					"name" : "led4[3]",
					"strict" : false
				},
				{
					"name" : "led4[4]",
					"strict" : false
				},
				{
					"name" : "led4[5]",
					"strict" : false
				},
				{
					"name" : "led4[6]",
					"strict" : false
				},
				{
					"name" : "led5[0]",
					"strict" : false
				},
				{
					"name" : "led5[1]",
					"strict" : false
				},
				{
					"name" : "led5[2]",
					"strict" : false
				},
				{
					"name" : "led5[3]",
					"strict" : false
				},
				{
					"name" : "led5[4]",
					"strict" : false
				},
				{
					"name" : "led5[5]",
					"strict" : false
				},
				{
					"name" : "led5[6]",
					"strict" : false
				},
				{
					"name" : "led6[0]",
					"strict" : false
				},
				{
					"name" : "led6[1]",
					"strict" : false
				},
				{
					"name" : "led6[2]",
					"strict" : false
				},
				{
					"name" : "led6[3]",
					"strict" : false
				},
				{
					"name" : "led6[4]",
					"strict" : false
				},
				{
					"name" : "led6[5]",
					"strict" : false
				},
				{
					"name" : "led6[6]",
					"strict" : false
				},
				{
					"name" : "led7[0]",
					"strict" : false
				},
				{
					"name" : "led7[1]",
					"strict" : false
				},
				{
					"name" : "led7[2]",
					"strict" : false
				},
				{
					"name" : "led7[3]",
					"strict" : false
				},
				{
					"name" : "led7[4]",
					"strict" : false
				},
				{
					"name" : "led7[5]",
					"strict" : false
				},
				{
					"name" : "led7[6]",
					"strict" : false
				},
				{
					"name" : "led8[0]",
					"strict" : false
				},
				{
					"name" : "led8[1]",
					"strict" : false
				},
				{
					"name" : "led8[2]",
					"strict" : false
				},
				{
					"name" : "led8[3]",
					"strict" : false
				},
				{
					"name" : "led8[4]",
					"strict" : false
				},
				{
					"name" : "led8[5]",
					"strict" : false
				},
				{
					"name" : "led8[6]",
					"strict" : false
				},
				{
					"name" : "led9[0]",
					"strict" : false
				},
				{
					"name" : "led9[1]",
					"strict" : false
				},
				{
					"name" : "led9[2]",
					"strict" : false
				},
				{
					"name" : "led9[3]",
					"strict" : false
				},
				{
					"name" : "led9[4]",
					"strict" : false
				},
				{
					"name" : "led9[5]",
					"strict" : false
				},
				{
					"name" : "gps_lock",
					"strict" : false
				},
				{
					"name" : "misc_leds[0]",
					"strict" : false
				},
				{
					"name" : "misc_leds[1]",
					"strict" : false
				},
				{
					"name" : "misc_leds[2]",
					"strict" : false
				},
				{
					"name" : "misc_leds[3]",
					"strict" : false
				},
				{
					"name" : "misc_leds[4]",
					"strict" : false
				},
				{
					"name" : "clk",
					"strict" : false
				},
				{
					"name" : "reset",
					"strict" : false
				},
				{
					"name" : "pps",
					"strict" : false
				},
				{
					"name" : "time_button",
					"strict" : false
				},
				{
					"name" : "brightness_button",
					"strict" : false
				},
				{
					"name" : "uart_data",
					"strict" : false
				}
			]
		}
	]
}